{"space": [{"class_name": "Int", "config": {"name": "il_units", "default": null, "conditions": [], "min_value": 16, "max_value": 1024, "step": null, "sampling": "log"}}, {"class_name": "Choice", "config": {"name": "il_activation", "default": "relu", "conditions": [], "values": ["relu", "tanh"], "ordered": false}}, {"class_name": "Int", "config": {"name": "num_hidden_layers", "default": null, "conditions": [], "min_value": 0, "max_value": 10, "step": 1, "sampling": "linear"}}, {"class_name": "Float", "config": {"name": "huber_delta", "default": 0.1, "conditions": [], "min_value": 0.1, "max_value": 1.0, "step": 0.1, "sampling": "linear"}}, {"class_name": "Float", "config": {"name": "learning_rate", "default": 1e-05, "conditions": [], "min_value": 1e-05, "max_value": 0.01, "step": null, "sampling": "log"}}, {"class_name": "Int", "config": {"name": "hl_0_units", "default": null, "conditions": [], "min_value": 16, "max_value": 1024, "step": null, "sampling": "log"}}, {"class_name": "Choice", "config": {"name": "hl_0_activation", "default": "relu", "conditions": [], "values": ["relu", "tanh"], "ordered": false}}, {"class_name": "Int", "config": {"name": "hl_1_units", "default": null, "conditions": [], "min_value": 16, "max_value": 1024, "step": null, "sampling": "log"}}, {"class_name": "Choice", "config": {"name": "hl_1_activation", "default": "relu", "conditions": [], "values": ["relu", "tanh"], "ordered": false}}, {"class_name": "Int", "config": {"name": "hl_2_units", "default": null, "conditions": [], "min_value": 16, "max_value": 1024, "step": null, "sampling": "log"}}, {"class_name": "Choice", "config": {"name": "hl_2_activation", "default": "relu", "conditions": [], "values": ["relu", "tanh"], "ordered": false}}, {"class_name": "Int", "config": {"name": "hl_3_units", "default": null, "conditions": [], "min_value": 16, "max_value": 1024, "step": null, "sampling": "log"}}, {"class_name": "Choice", "config": {"name": "hl_3_activation", "default": "relu", "conditions": [], "values": ["relu", "tanh"], "ordered": false}}, {"class_name": "Choice", "config": {"name": "batch_size", "default": 32, "conditions": [], "values": [32, 64, 128, 256, 512], "ordered": true}}, {"class_name": "Int", "config": {"name": "hl_4_units", "default": null, "conditions": [], "min_value": 16, "max_value": 1024, "step": null, "sampling": "log"}}, {"class_name": "Choice", "config": {"name": "hl_4_activation", "default": "relu", "conditions": [], "values": ["relu", "tanh"], "ordered": false}}, {"class_name": "Int", "config": {"name": "hl_5_units", "default": null, "conditions": [], "min_value": 16, "max_value": 1024, "step": null, "sampling": "log"}}, {"class_name": "Choice", "config": {"name": "hl_5_activation", "default": "relu", "conditions": [], "values": ["relu", "tanh"], "ordered": false}}, {"class_name": "Int", "config": {"name": "hl_6_units", "default": null, "conditions": [], "min_value": 16, "max_value": 1024, "step": null, "sampling": "log"}}, {"class_name": "Choice", "config": {"name": "hl_6_activation", "default": "relu", "conditions": [], "values": ["relu", "tanh"], "ordered": false}}, {"class_name": "Int", "config": {"name": "hl_7_units", "default": null, "conditions": [], "min_value": 16, "max_value": 1024, "step": null, "sampling": "log"}}, {"class_name": "Choice", "config": {"name": "hl_7_activation", "default": "relu", "conditions": [], "values": ["relu", "tanh"], "ordered": false}}, {"class_name": "Int", "config": {"name": "hl_8_units", "default": null, "conditions": [], "min_value": 16, "max_value": 1024, "step": null, "sampling": "log"}}, {"class_name": "Choice", "config": {"name": "hl_8_activation", "default": "relu", "conditions": [], "values": ["relu", "tanh"], "ordered": false}}, {"class_name": "Int", "config": {"name": "hl_9_units", "default": null, "conditions": [], "min_value": 16, "max_value": 1024, "step": null, "sampling": "log"}}, {"class_name": "Choice", "config": {"name": "hl_9_activation", "default": "relu", "conditions": [], "values": ["relu", "tanh"], "ordered": false}}], "values": {"il_units": 468, "il_activation": "tanh", "num_hidden_layers": 9, "huber_delta": 0.1, "learning_rate": 0.0014850033308088204, "hl_0_units": 155, "hl_0_activation": "relu", "hl_1_units": 39, "hl_1_activation": "relu", "hl_2_units": 414, "hl_2_activation": "relu", "hl_3_units": 189, "hl_3_activation": "tanh", "batch_size": 64, "hl_4_units": 72, "hl_4_activation": "tanh", "hl_5_units": 75, "hl_5_activation": "tanh", "hl_6_units": 46, "hl_6_activation": "relu", "hl_7_units": 328, "hl_7_activation": "tanh", "hl_8_units": 169, "hl_8_activation": "relu", "hl_9_units": 89, "hl_9_activation": "tanh", "tuner/epochs": 78, "tuner/initial_epoch": 26, "tuner/bracket": 4, "tuner/round": 3, "tuner/trial_id": "0135"}}