{
  "space": [
    {
      "class_name": "Int",
      "config": {
        "name": "il_units",
        "default": null,
        "conditions": [],
        "min_value": 16,
        "max_value": 1024,
        "step": null,
        "sampling": "log"
      }
    },
    {
      "class_name": "Choice",
      "config": {
        "name": "il_activation",
        "default": "relu",
        "conditions": [],
        "values": [
          "relu",
          "tanh"
        ],
        "ordered": false
      }
    },
    {
      "class_name": "Int",
      "config": {
        "name": "num_hidden_layers",
        "default": null,
        "conditions": [],
        "min_value": 0,
        "max_value": 10,
        "step": 1,
        "sampling": "linear"
      }
    },
    {
      "class_name": "Float",
      "config": {
        "name": "huber_delta",
        "default": 0.1,
        "conditions": [],
        "min_value": 0.1,
        "max_value": 1.0,
        "step": 0.1,
        "sampling": "linear"
      }
    },
    {
      "class_name": "Float",
      "config": {
        "name": "learning_rate",
        "default": 1e-05,
        "conditions": [],
        "min_value": 1e-05,
        "max_value": 0.01,
        "step": null,
        "sampling": "log"
      }
    },
    {
      "class_name": "Int",
      "config": {
        "name": "hl_0_units",
        "default": null,
        "conditions": [],
        "min_value": 16,
        "max_value": 1024,
        "step": null,
        "sampling": "log"
      }
    },
    {
      "class_name": "Choice",
      "config": {
        "name": "hl_0_activation",
        "default": "relu",
        "conditions": [],
        "values": [
          "relu",
          "tanh"
        ],
        "ordered": false
      }
    },
    {
      "class_name": "Int",
      "config": {
        "name": "hl_1_units",
        "default": null,
        "conditions": [],
        "min_value": 16,
        "max_value": 1024,
        "step": null,
        "sampling": "log"
      }
    },
    {
      "class_name": "Choice",
      "config": {
        "name": "hl_1_activation",
        "default": "relu",
        "conditions": [],
        "values": [
          "relu",
          "tanh"
        ],
        "ordered": false
      }
    },
    {
      "class_name": "Int",
      "config": {
        "name": "hl_2_units",
        "default": null,
        "conditions": [],
        "min_value": 16,
        "max_value": 1024,
        "step": null,
        "sampling": "log"
      }
    },
    {
      "class_name": "Choice",
      "config": {
        "name": "hl_2_activation",
        "default": "relu",
        "conditions": [],
        "values": [
          "relu",
          "tanh"
        ],
        "ordered": false
      }
    },
    {
      "class_name": "Int",
      "config": {
        "name": "hl_3_units",
        "default": null,
        "conditions": [],
        "min_value": 16,
        "max_value": 1024,
        "step": null,
        "sampling": "log"
      }
    },
    {
      "class_name": "Choice",
      "config": {
        "name": "hl_3_activation",
        "default": "relu",
        "conditions": [],
        "values": [
          "relu",
          "tanh"
        ],
        "ordered": false
      }
    },
    {
      "class_name": "Choice",
      "config": {
        "name": "batch_size",
        "default": 32,
        "conditions": [],
        "values": [
          32,
          64,
          128,
          256,
          512
        ],
        "ordered": true
      }
    },
    {
      "class_name": "Int",
      "config": {
        "name": "hl_4_units",
        "default": null,
        "conditions": [],
        "min_value": 16,
        "max_value": 1024,
        "step": null,
        "sampling": "log"
      }
    },
    {
      "class_name": "Choice",
      "config": {
        "name": "hl_4_activation",
        "default": "relu",
        "conditions": [],
        "values": [
          "relu",
          "tanh"
        ],
        "ordered": false
      }
    },
    {
      "class_name": "Int",
      "config": {
        "name": "hl_5_units",
        "default": null,
        "conditions": [],
        "min_value": 16,
        "max_value": 1024,
        "step": null,
        "sampling": "log"
      }
    },
    {
      "class_name": "Choice",
      "config": {
        "name": "hl_5_activation",
        "default": "relu",
        "conditions": [],
        "values": [
          "relu",
          "tanh"
        ],
        "ordered": false
      }
    },
    {
      "class_name": "Int",
      "config": {
        "name": "hl_6_units",
        "default": null,
        "conditions": [],
        "min_value": 16,
        "max_value": 1024,
        "step": null,
        "sampling": "log"
      }
    },
    {
      "class_name": "Choice",
      "config": {
        "name": "hl_6_activation",
        "default": "relu",
        "conditions": [],
        "values": [
          "relu",
          "tanh"
        ],
        "ordered": false
      }
    },
    {
      "class_name": "Int",
      "config": {
        "name": "hl_7_units",
        "default": null,
        "conditions": [],
        "min_value": 16,
        "max_value": 1024,
        "step": null,
        "sampling": "log"
      }
    },
    {
      "class_name": "Choice",
      "config": {
        "name": "hl_7_activation",
        "default": "relu",
        "conditions": [],
        "values": [
          "relu",
          "tanh"
        ],
        "ordered": false
      }
    },
    {
      "class_name": "Int",
      "config": {
        "name": "hl_8_units",
        "default": null,
        "conditions": [],
        "min_value": 16,
        "max_value": 1024,
        "step": null,
        "sampling": "log"
      }
    },
    {
      "class_name": "Choice",
      "config": {
        "name": "hl_8_activation",
        "default": "relu",
        "conditions": [],
        "values": [
          "relu",
          "tanh"
        ],
        "ordered": false
      }
    },
    {
      "class_name": "Int",
      "config": {
        "name": "hl_9_units",
        "default": null,
        "conditions": [],
        "min_value": 16,
        "max_value": 1024,
        "step": null,
        "sampling": "log"
      }
    },
    {
      "class_name": "Choice",
      "config": {
        "name": "hl_9_activation",
        "default": "relu",
        "conditions": [],
        "values": [
          "relu",
          "tanh"
        ],
        "ordered": false
      }
    }
  ],
  "values": {
    "il_units": 301,
    "il_activation": "tanh",
    "num_hidden_layers": 5,
    "huber_delta": 0.1,
    "learning_rate": 0.002178347691059808,
    "hl_0_units": 87,
    "hl_0_activation": "tanh",
    "hl_1_units": 56,
    "hl_1_activation": "tanh",
    "hl_2_units": 600,
    "hl_2_activation": "relu",
    "hl_3_units": 23,
    "hl_3_activation": "relu",
    "batch_size": 32,
    "hl_4_units": 276,
    "hl_4_activation": "relu",
    "hl_5_units": 1009,
    "hl_5_activation": "relu",
    "hl_6_units": 118,
    "hl_6_activation": "relu",
    "hl_7_units": 28,
    "hl_7_activation": "relu",
    "hl_8_units": 528,
    "hl_8_activation": "relu",
    "hl_9_units": 30,
    "hl_9_activation": "tanh",
    "tuner/epochs": 26,
    "tuner/initial_epoch": 9,
    "tuner/bracket": 4,
    "tuner/round": 2,
    "tuner/trial_id": "0101"
  }
}
