{"space": [{"class_name": "Int", "config": {"name": "il_units", "default": null, "conditions": [], "min_value": 16, "max_value": 1024, "step": null, "sampling": "log"}}, {"class_name": "Choice", "config": {"name": "il_activation", "default": "relu", "conditions": [], "values": ["relu", "tanh"], "ordered": false}}, {"class_name": "Int", "config": {"name": "num_hidden_layers", "default": null, "conditions": [], "min_value": 0, "max_value": 10, "step": 1, "sampling": "linear"}}, {"class_name": "Float", "config": {"name": "huber_delta", "default": 0.1, "conditions": [], "min_value": 0.1, "max_value": 1.0, "step": 0.1, "sampling": "linear"}}, {"class_name": "Float", "config": {"name": "learning_rate", "default": 1e-05, "conditions": [], "min_value": 1e-05, "max_value": 0.01, "step": null, "sampling": "log"}}, {"class_name": "Int", "config": {"name": "hl_0_units", "default": null, "conditions": [], "min_value": 16, "max_value": 1024, "step": null, "sampling": "log"}}, {"class_name": "Choice", "config": {"name": "hl_0_activation", "default": "relu", "conditions": [], "values": ["relu", "tanh"], "ordered": false}}, {"class_name": "Int", "config": {"name": "hl_1_units", "default": null, "conditions": [], "min_value": 16, "max_value": 1024, "step": null, "sampling": "log"}}, {"class_name": "Choice", "config": {"name": "hl_1_activation", "default": "relu", "conditions": [], "values": ["relu", "tanh"], "ordered": false}}, {"class_name": "Int", "config": {"name": "hl_2_units", "default": null, "conditions": [], "min_value": 16, "max_value": 1024, "step": null, "sampling": "log"}}, {"class_name": "Choice", "config": {"name": "hl_2_activation", "default": "relu", "conditions": [], "values": ["relu", "tanh"], "ordered": false}}, {"class_name": "Int", "config": {"name": "hl_3_units", "default": null, "conditions": [], "min_value": 16, "max_value": 1024, "step": null, "sampling": "log"}}, {"class_name": "Choice", "config": {"name": "hl_3_activation", "default": "relu", "conditions": [], "values": ["relu", "tanh"], "ordered": false}}, {"class_name": "Choice", "config": {"name": "batch_size", "default": 32, "conditions": [], "values": [32, 64, 128, 256, 512], "ordered": true}}, {"class_name": "Int", "config": {"name": "hl_4_units", "default": null, "conditions": [], "min_value": 16, "max_value": 1024, "step": null, "sampling": "log"}}, {"class_name": "Choice", "config": {"name": "hl_4_activation", "default": "relu", "conditions": [], "values": ["relu", "tanh"], "ordered": false}}, {"class_name": "Int", "config": {"name": "hl_5_units", "default": null, "conditions": [], "min_value": 16, "max_value": 1024, "step": null, "sampling": "log"}}, {"class_name": "Choice", "config": {"name": "hl_5_activation", "default": "relu", "conditions": [], "values": ["relu", "tanh"], "ordered": false}}, {"class_name": "Int", "config": {"name": "hl_6_units", "default": null, "conditions": [], "min_value": 16, "max_value": 1024, "step": null, "sampling": "log"}}, {"class_name": "Choice", "config": {"name": "hl_6_activation", "default": "relu", "conditions": [], "values": ["relu", "tanh"], "ordered": false}}, {"class_name": "Int", "config": {"name": "hl_7_units", "default": null, "conditions": [], "min_value": 16, "max_value": 1024, "step": null, "sampling": "log"}}, {"class_name": "Choice", "config": {"name": "hl_7_activation", "default": "relu", "conditions": [], "values": ["relu", "tanh"], "ordered": false}}, {"class_name": "Int", "config": {"name": "hl_8_units", "default": null, "conditions": [], "min_value": 16, "max_value": 1024, "step": null, "sampling": "log"}}, {"class_name": "Choice", "config": {"name": "hl_8_activation", "default": "relu", "conditions": [], "values": ["relu", "tanh"], "ordered": false}}, {"class_name": "Int", "config": {"name": "hl_9_units", "default": null, "conditions": [], "min_value": 16, "max_value": 1024, "step": null, "sampling": "log"}}, {"class_name": "Choice", "config": {"name": "hl_9_activation", "default": "relu", "conditions": [], "values": ["relu", "tanh"], "ordered": false}}], "values": {"il_units": 36, "il_activation": "tanh", "num_hidden_layers": 7, "huber_delta": 0.1, "learning_rate": 0.005813467045494337, "hl_0_units": 300, "hl_0_activation": "relu", "hl_1_units": 219, "hl_1_activation": "tanh", "hl_2_units": 1019, "hl_2_activation": "tanh", "hl_3_units": 70, "hl_3_activation": "relu", "batch_size": 64, "hl_4_units": 391, "hl_4_activation": "tanh", "hl_5_units": 351, "hl_5_activation": "relu", "hl_6_units": 80, "hl_6_activation": "tanh", "hl_7_units": 238, "hl_7_activation": "tanh", "hl_8_units": 18, "hl_8_activation": "tanh", "hl_9_units": 318, "hl_9_activation": "relu", "tuner/epochs": 232, "tuner/initial_epoch": 78, "tuner/bracket": 3, "tuner/round": 3, "tuner/trial_id": "0203"}}